multiplier,R_s_coupling_ratio,C_m_coupling_ratio
0.25,0.01705790875528724,0.06326108871038995
0.2992,0.020312045611886907,0.06325806645413626
0.3581,0.024165624113604366,0.06325618042201371
0.4286,0.028715470011074454,0.06324932986754901
0.513,0.03407434900442223,0.0632442244123313
0.614,0.04036254115088565,0.06323754127408494
0.7349,0.0477201932134078,0.06322877146661451
0.8795,0.05627308983601064,0.06321874358906888
1.0527,0.06618573132755162,0.063206528783905
1.2599,0.07757652034409415,0.06319042906241679
1.508,0.09057099896255551,0.0631711141383007
1.8048,0.10525054457670001,0.06314579381274549
2.1601,0.12166613744042058,0.06311160674258146
2.5854,0.13978931655450044,0.06308329972722251
3.0943,0.15949828020488768,0.06304258036019522
3.7035,0.1806110338186028,0.0629888068792717
4.4326,0.2027973044149519,0.06291422632028734
5.3052,0.22569302711095227,0.06282405210667974
6.3496,0.24884552066659435,0.06271679218629998
7.5996,0.2717594614336155,0.06256719947049154
9.0957,0.2939701257561199,0.06237925253829654
10.8863,0.3150698114414421,0.06212760636342709
13.0294,0.33473722914924303,0.06180542308786211
15.5945,0.3527618977738017,0.06137839781503165
18.6645,0.3690254823124501,0.06081214621152539
22.3388,0.3835269520441392,0.06006885909214186
26.7365,0.39628085961530757,0.05910165626382151
32.0,0.40733262242889373,0.057830923774733194
